id,sequence
0,PPPHPPPPPPPPPPPPHPPPPPPPPPPPPPPPPPP
1,PPPPPPPPPPPPHHPPPPPPPPPPPPPPPPPPPPP
2,PPPPPPPPPPPPPPPPPPPPPPPPPPPPPPPPHPH
3,PPPPPPPPPPPPPPPPPPPPPPPHPPPPPPPPHPP
4,PPPPPPPPPPPPPPPHPPPPPPPPPPPPPPPPPHP
5,PPPPPPPPPPPPPPPPPHPPPPPPHPPPPPPPPPP
6,PPPPPPPPPPPPPPPPPPPPPHPPPPPPHPPPPPP
7,PPPPPPPPPPPPPPPPPPPHPPPPPPPPPHPPPPP
8,PPPPPPPPPPHPPPPPPPPPPPPPPPPPPPPHPPP
9,PPPHPPPPPPPPPPPPPPPPPPPPPPPPPPPPPPH
10,PPPPPPPPPPPPPPPPPHPPPPPPPPPPPPPPHPP
11,PPPPHPPPPPPHPPPPPPPPPPPPPPPPPPPPPPP
12,PPPPPPPPPPPPPPPPPPPPPPPPPHPPPPPPPPH
13,PHPPPPPPPPPPHPPPPPPPPPPPPPPPPPPPPPP
14,PPPPPPPPPPPHHPPPPPPPPPPPPPPPPPPPPPP
15,PPPPPPPPPPPPPPPPPHPPPPPPPPPHPPPPPPP
16,PPPPPPPPPPPPPHPPPPPHPPPPPPPPPPPPPPP
17,PPPPPPPPPPPPHPPPPPPPPPPPPPPHPPPPPPP
18,PPPPPPPPPPPPPPPPPPHPPPPPPHPPPPPPPPP
19,PPPPPPPPPPPPPPPPPPPPPPPPPPPPPHPPPPH
20,PPPPPPHHPPPPPPPPPPPPPPPPPPPPPPPPPPP
21,PPPHPPPPPPPPPPPHPPPPPPPPPPPPPPPPPPP
22,HPPPPPPPPHPPPPPPPPPPPPPPPPPPPPPPPPP
23,PPPPPPPPPPPPPPPPPPPPHPPPPPPPPPPPPPH
24,PPPPPPPPPPPPPHPPPPPPPPPPPHPPPPPPPPP
25,PHPPPPPPPPPPPPPPPPPPPPPPHPPPPPPPPPP
26,PPPPPPPPPPPPPPPPHPPPPPPPPPPPPHPPPPP
27,PPPPPPPPPPPPHPPPPPPPHPPPPPPPPPPPPPP
28,PPPPPPPPPPPPPPPPPPPHPPPPPPPPPPHPPPP
29,PPPPHPPPPPPPPPPHPPPPPPPPPPPPPPPPPPP
30,PPPPPPPPPPPPPPPPPPPPPPPPPPPPHPPPHPP
31,PPPPPHPPPPPPPPPPHPPPPPPPPPPPPPPPPPP
32,PPPPPPPPHPPPPHPPPPPPPPPPPPPPPPPPPPP
33,PPPPPPPPPPPPPPPPPPPPPPPPPPPPPHPPPHP
34,PPPPPPPPPPPPPPPPHPPPPPPPPPHPPPPPPPP
35,PPPPPPPPPHPPPPPPPHPPPPPPPPPPPPPPPPP
36,PPPPPHPPPPPPPPPPPPPPPPPPHPPPPPPPPPP
37,PPPPPPPPPPPHPPPHPPPPPPPPPPPPPPPPPPP
38,PPPPHHPPPPPPPPPPPPPPPPPPPPPPPPPPPPP
39,PPPPPPPPPPPPPPPPPPHPPPHPPPPPPPPPPPP
40,PPPPPPPPPPPPHPPPPPPPPPPPPPPPPHPPPPP
41,PPPPPPPPPPPPPPPPPHPHPPPPPPPPPPPPPPP
42,PPPPHPPPPPPPHPPPPPPPPPPPPPPPPPPPPPP
43,PPHPPHPPPPPPPPPPPPPPPPPPPPPPPPPPPPP
44,PPPPHPPPPPPPPPPPPPPPPHPPPPPPPPPPPPP
45,PPPPPPPPPPPPPHPPPPPPPPPPPPPHPPPPPPP
46,PHPPPPPPPPPPPPPPPPPPPPPPPPPHPPPPPPP
47,PHPPPPPPPPPPPPPPPPPPPPPPPHPPPPPPPPP
48,PPPPPPPPPPPPPPPPPPPPPPPHPPHPPPPPPPP
49,PPPPPPPPPPPPPPHPPPPPPPPPPPPPPPPPPPH
50,PPPPPPPPPPPPHPPPPPPPPPPPHPPPPPPPPPP
51,HPPPPPPPPPPHPPPPPPPPPPPPPPPPPPPPPPP
52,PPPPPHPPPPPPPPPPPPPHPPPPPPPPPPPPPPP
53,PPPPPHPPHPPPPPPPPPPPPPPPPPPPPPPPPPP
54,PPHPPPPPHPPPPPPPPPPPPPPPPPPPPPPPPPP
55,PPPPPPPPPPPPHPPPPHPPPPPPPPPPPPPPPPP
56,PPPPPPPPPPPPPPPPPPPPHPPPPPHPPPPPPPP
57,PPPPPPPPPPPHPPPPPPPPPPPPPPPPPPPPPHP
58,PPPPPHPHPPPPPPPPPPPPPPPPPPPPPPPPPPP
59,PPPPPPPPPPPPPPHPPPPPPPPHPPPPPPPPPPP
60,PPPPPPPPHPPPPPPPPPPPPPPHPPPPPPPPPPP
61,PPPPHPPPPHPPPPPPPPPPPPPPPPPPPPPPPPP
62,PPHPPPPPPPPPPPPPPPPPPPPPPPPHPPPPPPP
63,PPPPPPPPPPPPHPPPPPPPPPPPPPPPPPPHPPP
64,PPPPPPHPPPPPPPPPPPPPPPPHPPPPPPPPPPP
65,PPPPPPPPPPPPPPPPHPPPPPHPPPPPPPPPPPP
66,PPPPPPPPPPPPPPPPPPHPPPPHPPPPPPPPPPP
67,PPPPPPPPPPPPPPPPPPPPPHPPPPPPPHPPPPP
68,PPPPPHPPPPHPPPPPPPPPPPPPPPPPPPPPPPP
69,PPPPPPPPPPPPPPPPPPPPPPHPPPPPHPPPPPP
70,PPPPPPPPPPPPPPPHPPPPPPPHPPPPPPPPPPP
71,PPPPPPPPPPPPPPPPPPHPPPPPPPPPHPPPPPP
72,PPPPPPPPPPPPPPHPPPPHPPPPPPPPPPPPPPP
73,PPPPPPPPPPPHPPPPPPPPPPPPPPHPPPPPPPP
74,PPPPPPHPPPPPPPPPPPPPHPPPPPPPPPPPPPP
75,PPPPHPPPPPPPPPPPPPPHPPPPPPPPPPPPPPP
76,PPPPPPPPHPHPPPPPPPPPPPPPPPPPPPPPPPP
77,PHPPPPPPPPPPPPPPPPPPPHPPPPPPPPPPPPP
78,PPPPPPPPPPPPPPPPPPPPPPPPPPPHPPPPPPH
79,PPPPPPPPPPPPPHPPPHPPPPPPPPPPPPPPPPP
80,PPHPPPPPPPPPPPPPPPPPPPPPPPPPPPPHPPP
81,PPPPPPPPPPPPPPPHPPPHPPPPPPPPPPPPPPP
82,PPPPPPPPPPPPHPPPPPPPPHPPPPPPPPPPPPP
83,PPPPPPPPPPHPPPPHPPPPPPPPPPPPPPPPPPP
84,PPPPPPPPPPPPPPPHPPPPPPPPPPPPPPPPPPH
85,PPPPPPPPHPPPPPPPPPPPPPPPPPHPPPPPPPP
86,PPPPPPPPPPHPPPHPPPPPPPPPPPPPPPPPPPP
87,PPPPPHPPPPPPPHPPPPPPPPPPPPPPPPPPPPP
88,PHPPPPPHPPPPPPPPPPPPPPPPPPPPPPPPPPP
89,PPPPPPPPPPPPPPPPPHPPPPPPPPPPPPPHPPP
90,PPHPPPHPPPPPPPPPPPPPPPPPPPPPPPPPPPP
91,PPPPPPPPPPPPPPPPPPPPPPPPHHPPPPPPPPP
92,PPPPPPPPPPPPHPPPHPPPPPPPPPPPPPPPPPP
93,PPPPPPPPPPPPPPPPPPPPPPPHPPPPPPPPPHP
94,PPPPPPPPPPPPPPPPPPPPPHPPPPPPPPHPPPP
95,PPPHPPPPPPPPPPPPPPPPPPHPPPPPPPPPPPP
96,PPPHPPHPPPPPPPPPPPPPPPPPPPPPPPPPPPP
97,PPPPPPPPPPPPPPHPPPPPPPPPPPPPPPPPHPP
98,PPPHPHPPPPPPPPPPPPPPPPPPPPPPPPPPPPP
99,HPPPPPPPPPPPPPPPPPPPPPPPPPHPPPPPPPP
100,PPPPPPPHHPPPPPPPPPPPPPPPPPPPPPPPPPP
101,PPPPPPPPPPPPPPPPPPPPPPPPPPPPPPPHPPH
102,PPPPPPPPPPPPPPHPPPPPPPPPPPPPPHPPPPP
103,PPPPPPPPPPPPPPPHHPPPPPPPPPPPPPPPPPP
104,PPPPPPPPPPPPHPPHPPPPPPPPPPPPPPPPPPP
105,PPPPPPPPHPPPPPPPPPPPHPPPPPPPPPPPPPP
106,PPPPPPPHPPPPPPPPPPPPPPPHPPPPPPPPPPP
107,PPPPPPPPPPPHPPPPPPPPPPPPPPPPPPPPPPH
108,PPHPPPPPPPPPPPPPPPPPPPHPPPPPPPPPPPP
109,PPPPPPPPPPPPPHPPPPPPPPPPPPPPPPPPPPH
110,PPPPPPPPPPPPPPPPHPPPPPPPPPPHPPPPPPP
111,HPPPPPPPPPPPPPPPPPPPPPPPPHPPPPPPPPP
112,PPPPPPPPHPPPPPPPPPPPPPPPPPPPPHPPPPP
113,PPHPPPPPPPPPPPPPHPPPPPPPPPPPPPPPPPP
114,PPPPPPPPPHPHPPPPPPPPPPPPPPPPPPPPPPP
115,PPPPPPPPPHPPPPPPPPPHPPPPPPPPPPPPPPP
116,HPPPPPPPHPPPPPPPPPPPPPPPPPPPPPPPPPP
117,PPPPPPPHPPPPPPPPPPPPPPPPPPPPPPPHPPP
118,PPPPPPPPPPPPHPPPPPPPPPPPPPPPPPPPPPH
119,PPPPHPPPPPPPPPPPPPPPHPPPPPPPPPPPPPP
120,PPPPPPPPPPPPPPPPPHPPPPPHPPPPPPPPPPP
121,PPPPHPPPPPPPPHPPPPPPPPPPPPPPPPPPPPP
122,PHPPPPPPHPPPPPPPPPPPPPPPPPPPPPPPPPP
123,PPPPPPPPPPPPPPPPPPPPPPPHPHPPPPPPPPP
124,PPPHPPPPPHPPPPPPPPPPPPPPPPPPPPPPPPP
125,PPPPPPPHPPPPPHPPPPPPPPPPPPPPPPPPPPP
126,HPPPPPPPPPPPPPPPPPPPPPPPPPPPPPPPHPP
127,PPPHHPPPPPPPPPPPPPPPPPPPPPPPPPPPPPP
128,PPPPPPPPPHPPPPPPPPPPPPPPPPPPPPPPPPH
129,HPPPPPPPPPPPPPPPPPPPPPPPPPPPPPPHPPP
130,PPPPPHPPPPPPPPPPPPPPHPPPPPPPPPPPPPP
131,PPPPPPPPPPPPPPPPHPPPPHPPPPPPPPPPPPP
132,PPPPPPPPPPPHPPPPPPPPPPPPPPPPPPHPPPP
133,PPPPPPPPPPPPPPPPHPPPPPPPPPPPPPPPPHP
134,PPPHPPPPHPPPPPPPPPPPPPPPPPPPPPPPPPP
135,PPPPPPHPPPPPHPPPPPPPPPPPPPPPPPPPPPP
136,PPPPPPPPPPPPPPPPPPPPHPPPPPPPPPHPPPP
137,PPPHPPPPPPPPPHPPPPPPPPPPPPPPPPPPPPP
138,PPPPPPPPPPPPPPPPPPPPHPPPPPPHPPPPPPP
139,PPPPPPPPPPPPPPPPPPPPPPPHPPPPPPHPPPP
140,PHPPPPPPPPPPPPPPPPPPHPPPPPPPPPPPPPP
141,PPHPPPPPPHPPPPPPPPPPPPPPPPPPPPPPPPP
142,PHPPPPPPPPPPPPPPPPPPPPPPPPPPPPHPPPP
143,PPPPPPHPPPPPPPPPPPPPPPPPPPPHPPPPPPP
144,PHPPPPPPPPPPPPPPPPPPPPPPPPPPPPPPPPH
145,PPPPPPPPPPPHPPPPPPPPPHPPPPPPPPPPPPP
146,PPPPPPPPPPPPPPPPHPPPPPPPPHPPPPPPPPP
147,PPPHPPPPPPPPPPPPPPPPPPPPPPPPPPPHPPP
148,PHPPPPPPPPPPPPPPPPPPPPPPPPPPPPPPPHP
149,PPPPPPPPPPPPPPPPPPPPHPPPPPPPPPPPHPP
150,PPPPPPPPPHPPPPPHPPPPPPPPPPPPPPPPPPP
151,PPPPPPPPPPPPPPPPPPPPPPPPPHHPPPPPPPP
152,PPPPPPPPPPPHPPPPPPPPPPPPPPPPPPPPHPP
153,HPPPPPPPPPPPPPPPPPPPPPPPPPPPPPPPPPH
154,PPPPPPPPPPPPPPPPPPPHPPPPPPHPPPPPPPP
155,PPPPPPPPPHPPPPPPPPPPPPPPPPPPPHPPPPP
156,PPPPPHPPPPPPPPPPPPPPPPPPPPPPPPPPPPH
157,PPPPPPPPPPPPPPPPHPPPPPPPPPPPPPPPPPH
158,PPPPPPHPPPPHPPPPPPPPPPPPPPPPPPPPPPP
159,PPHPPPPPPPPPPPPHPPPPPPPPPPPPPPPPPPP
160,PPPPPPHPPPPPPPPPPPPPPPPPPPPPPPHPPPP
161,PPPPPPPPPPPPPPHPPPPPPPPPPPPPPPHPPPP
162,PPPPPPPHPPPPPPPPHPPPPPPPPPPPPPPPPPP
163,PPPPPPPPHPPPPPHPPPPPPPPPPPPPPPPPPPP
164,PPPPPHPPPPPPPPPPPPPPPPHPPPPPPPPPPPP
165,PPPPPPPPPPPPPPPHPPPPPHPPPPPPPPPPPPP
166,PPPPPPPPPPPPPPPPPPHPPHPPPPPPPPPPPPP
167,PPPPPPPPHPPPPPPPPPPPPPPPPPPPPPPPPPH
168,PPPPPPPPPPPPHPPPPPPPPPPPPPPPPPPPPHP
169,PPPPPPPPPPPPPPPPPPPHPPPHPPPPPPPPPPP
170,PPPPPPHPPPPPPPHPPPPPPPPPPPPPPPPPPPP
171,PPPPPPPPPPPPPPPPHPPPPPPPHPPPPPPPPPP
172,PPPPPPPPPPPPPPPPPHPPPPHPPPPPPPPPPPP
173,PPPPPPHPPPPPPPPPPHPPPPPPPPPPPPPPPPP
174,PPPPPPPPPPPPPHPPPPPPPPPPPPPPPPPHPPP
175,PPPPPPHPPPPPPPPPPPPPPPHPPPPPPPPPPPP
176,PPPPPPPPPPPPPPPPPPHPPPPPPPPHPPPPPPP
177,PPPPPPHPPPPPPPPPHPPPPPPPPPPPPPPPPPP
178,PPPPPPPPPPPPHPPPPPPPPPHPPPPPPPPPPPP
179,PHPPPPPPPPHPPPPPPPPPPPPPPPPPPPPPPPP
180,PPHPPPPPPPPPPPPPPPPHPPPPPPPPPPPPPPP
181,PPPPPPPPPPPPPPPPPPPPPPHHPPPPPPPPPPP
182,PPPPPPPPHPPPPPPPHPPPPPPPPPPPPPPPPPP
183,PPPPPPPHPPPPPPPPPPPPPPPPPHPPPPPPPPP
184,PPPPHPPPPPPPPPPPPPPPPPHPPPPPPPPPPPP
185,PPPPPPPPPPPPPPHPPPHPPPPPPPPPPPPPPPP
186,HPPPPPPPPPPPPPPPPPPPPPPPPPPHPPPPPPP
187,PPPPPPPPPPHPPPPPPPPPPPPPPPPPPPPPHPP
188,PHPHPPPPPPPPPPPPPPPPPPPPPPPPPPPPPPP
189,PPPPPPPPPPPPPPPPPPPPPHPPPPPPPPPHPPP
190,PPPPPPPPPPPPPPHPPPPPPPPPPHPPPPPPPPP
191,PPPPPPPPPPPPPPPPPPPPPPHPPHPPPPPPPPP
192,PPPPPPPPPPPPPPPPPPPPPPPPPHPPPPHPPPP
193,PPPPPPPPPPPPPHPPPPPPPPPHPPPPPPPPPPP
194,PPPPPPPPPPPPPPPPPPHPHPPPPPPPPPPPPPP
195,PPPPPPPPPPPPPPPPPPPPPPPPPHPPPPPHPPP
196,PPPPHPPPPPPPPPPPPPPPPPPPPPPPPPPPHPP
197,PPPPPPPPPPPPPPPPPPPHPPPPPPPPHPPPPPP
198,PPPPPPPPPPPPPPPHPHPPPPPPPPPPPPPPPPP
199,PPPPPPPPPPPPPPPPPPPPPPPPPPPPPPHPPPH
200,HPHPPPPPPPPPPPPPPPPPPPPPPPPPPPPPPPP
201,HPPPPPPPPPPPPPPPPPPPPPPPPPPPPHPPPPP
202,PPPPPPPPPPPPHPPPPPPPPPPPPPPPHPPPPPP
203,PPPPPPPPPPPPPPPPPPPPPPPPPPPHPPPPPHP
204,PPPPPPPPPPPPPPPHPPPPPPPPHPPPPPPPPPP
205,PPPPPPPPPPPPPPPPPHHPPPPPPPPPPPPPPPP
206,PPPPPPPPPPPHPHPPPPPPPPPPPPPPPPPPPPP
207,PPPPPPPPPHPPPPHPPPPPPPPPPPPPPPPPPPP
208,PPPPPPPPPPPPPPPPPPHPPPPPPPHPPPPPPPP
209,PPPPPPPPHPPPPPPPPPPPPPPPPPPPPPHPPPP
210,PPPPPPPPPPPPPPPPPPPPPPPPPPHPPPPPPHP
211,PPPPPPHPPPHPPPPPPPPPPPPPPPPPPPPPPPP
212,PPPPPPPPHPPPPPPPPPPPPPPPPPPPHPPPPPP
213,PPPPPPPPHPPPPPPPPPPPPPPPHPPPPPPPPPP
214,PPPPPPPPPPPPPPPPPPPPPHHPPPPPPPPPPPP
215,PPPPPPPPPPPPPPPPPPPPHPPPPPPPHPPPPPP
216,PPPPHPPHPPPPPPPPPPPPPPPPPPPPPPPPPPP
217,PPPPPPPPHPPPPPPPPPPPPPPPPPPPPPPPHPP
218,PPPPPPPHPPPPPPPPPHPPPPPPPPPPPPPPPPP
219,PHPPPPPPPPPPPPPPPPPPPPPHPPPPPPPPPPP
220,PPPPPPPPHPPPPPPPPPPPPHPPPPPPPPPPPPP
221,HPPPPPPHPPPPPPPPPPPPPPPPPPPPPPPPPPP
222,PPPPPPPPPPPPPPPPPPPPPPPPPPPHPPHPPPP
223,PPPPPPPPPPPPPPPPPPHHPPPPPPPPPPPPPPP
224,PPPPPPPPPPPPPPPPPPPPPPPPPPPPPHPPHPP
225,PPPPPPPPPPHPPHPPPPPPPPPPPPPPPPPPPPP
226,PPPPPPPPPPPPPPHPPPPPPPPPPPPPPPPPPHP
227,PPPPPPPPPPPHPPPPPPPPHPPPPPPPPPPPPPP
228,PPPPPPPPPPPPPPHPHPPPPPPPPPPPPPPPPPP
229,PPPPPPPPPHPPPPPPPPPPPPPHPPPPPPPPPPP
230,HPPPPPPPPPPPHPPPPPPPPPPPPPPPPPPPPPP
231,PPPPPPPPPPPPPPPPPPPPPPPPHPPPPPHPPPP
232,PPPPPPPPPPPPPPPPPPPPPPPPPHPPPHPPPPP
233,PPPPPPPPPPPPPPPPPPPPPPPPHPPHPPPPPPP
234,PPPPPPPPPPPPPPPPPPPPPPPPPPPPPPPHHPP
235,PPPPPPPPPPPPPPPPPHPPHPPPPPPPPPPPPPP
236,PHPPPPPPPPPPPPPHPPPPPPPPPPPPPPPPPPP
237,PPPPPPPPPPPPPPPPPHPPPPPPPPPPPPHPPPP
238,PPPPPPPPPPPPPPPPPPPHHPPPPPPPPPPPPPP
239,PPPPPPPPPPPPPPPPPPPPPPPPPPPPPPPHPHP
240,PHPPPPPPPPPPPPPPPPPPPPPPPPPPPPPPHPP
241,PPPPPPPPPPPPPPPPPPPHPHPPPPPPPPPPPPP
242,PPPPPPPPPPPPPHPPPPPPPPPPPPPPHPPPPPP
243,PPPPPPHPPHPPPPPPPPPPPPPPPPPPPPPPPPP
244,HPPPPPPPPPPPPPPPPPPPPPPPPPPPPPHPPPP
245,PPPPPPPPPPPPPHPPPPPPPPPPHPPPPPPPPPP
246,PPPPPPPPPHPPPPPPPPPPPPPPPPPHPPPPPPP
247,PPPPPHPPPPPPPPPPPPPPPPPPPHPPPPPPPPP
248,PPPPPPPPPPPPPPPPPHPPPHPPPPPPPPPPPPP
249,PPPPPPPHPPPPPPPPPPPPPPPPPPPPPPPPPHP
250,PPPPPPPPPPPPPPPPPPPPPPPPPPPPPPHPPHP
251,PPPPPPPPPPPPPPPPPPPPPPPHHPPPPPPPPPP
252,PPPPPPPPPPPPPPPPPPPPPPPPPPPHPPPHPPP
253,PPPPPPHPPPPPPPPPPPPPPPPPPPPPPPPHPPP
254,PPPPPPPPPPHPPPPPPHPPPPPPPPPPPPPPPPP
255,PPPPPPPPPPPPPPPPPPPPPPPPPHPPPPPPPHP
256,PPPPPPPPPPPPHPPPPPHPPPPPPPPPPPPPPPP
257,PPPPPPPPPPPPPPPPPPPPPPPPPPHHPPPPPPP
258,PPPPPPPPPPPPPPPPPPHPPPPPPPPPPPPPPHP
259,PPPPPPPPPPPPPPPPPPPPPPPPPPPPPHHPPPP
260,PPPPPPPPPPPPPPPPPPPPPPPPHPPPPPPPPPH
261,PPPPHPPPPPPPPPPPPPPPPPPPPPPPHPPPPPP
262,PPPPPPPPPPPPPPPPPPPPHPPPPHPPPPPPPPP
263,PPPPPPPPPHPPPPPPPPPPPPPPHPPPPPPPPPP
264,PPPHPPPPPPPPPPPPPPPPPPPPPPPPPPHPPPP
265,PPPPPPPHPPPPPPPPPPPPPPPPPPPPPPPPPPH
266,PHPPPPPPPPPPPPPPPPPPPPPPPPPPHPPPPPP
267,PHPPPPPPPPPPPPPPPPPPPPPPPPHPPPPPPPP
268,PPPPPPPHPPPPPPPPPPPPPPPPPPPHPPPPPPP
269,PPPPPPPPPPPPPPPPPPPPPHPPPHPPPPPPPPP
270,PPPPPPHPPPPPPHPPPPPPPPPPPPPPPPPPPPP
271,PPPPPPPPPPHPHPPPPPPPPPPPPPPPPPPPPPP
272,PPPPPPPPPHHPPPPPPPPPPPPPPPPPPPPPPPP
273,PPPPPPPPPPPHPPPPPPPPPPPPHPPPPPPPPPP
274,PPPPPPPPPPPPPPPPPPPPPPHPPPHPPPPPPPP
275,PPPPPPHPPPPPPPPPPPPPPPPPPPPPPHPPPPP
276,PPPPPPHPPPPPPPPPPPPHPPPPPPPPPPPPPPP
277,PPPPPPPPPPPPPPPPPHPPPPPPPPPPHPPPPPP
278,PHPPPPPPPPPPPPPPHPPPPPPPPPPPPPPPPPP
279,PPPPHPPPPPPPPPPPPPPPPPPHPPPPPPPPPPP
280,PPPPPPPPPPPPPPPPPPPPPPHPPPPPPHPPPPP
281,PPPPPPPPPHPPPPPPHPPPPPPPPPPPPPPPPPP
282,PPPPPPPPPPPPPPPPPHPPPPPPPPPPPPPPPPH
283,PPHPPPPPPPPPPPPPPPPPPPPPPPPPHPPPPPP
284,PPPPPPPPPPPPPPPPPPHPPPPPPPPPPPPPPPH
285,PPPPPPPPPPPPPPPPPPPPPHPPPPPPPPPPHPP
286,PPPPPPHPPPPPPPPPPPPPPPPPPPPPHPPPPPP
287,PPPPPPPPPPPPPPPPPPPPPPPPHPPPPPPPPHP
288,PPPPPPPPPPPPPPPPPPPPHPHPPPPPPPPPPPP
289,PPPPPPPPPPPPPPPPPPPPPPPPPPPHPHPPPPP
290,PPHPPPPPPPPPPPPPPHPPPPPPPPPPPPPPPPP
291,PHPPPPPPPPPPPHPPPPPPPPPPPPPPPPPPPPP
292,PHPPPPPPPPPPPPPPPPPPPPPPPPPPPPPHPPP
293,PPHPPPPPPPPPPPPPPPPPPPPPPPPPPHPPPPP
294,PPPPPPPPPPPPPPPPPPPPPPPPPPPHPPPPHPP
295,PPPPPPPPPPPPHPPPPPPPPPPPPPPPPPHPPPP
296,HPPPPPHPPPPPPPPPPPPPPPPPPPPPPPPPPPP
297,PPPPPPPPPPPPPPPPPPPPHPPPPPPPPPPPPHP
298,PPPHPPPPPPPPPPPPPPPPPPPPPPPPPHPPPPP
299,PPPPPPPPPPPPPPPHPPPPPPPPPPPPHPPPPPP
300,PPPPPPPPPPPPPPPPPPPPPPPHPPPPPPPPPPH
301,PPPPPPPPPPPPPPHPPPPPPHPPPPPPPPPPPPP
302,PPPPHPPPPPPPPPPPPPPPPPPPPPHPPPPPPPP
303,PPPPPPPPPPPPPPPPPPPPPPPPPPPPPPHPHPP
304,PPPPPPPPPPPPPPPPPPPPPPPPPPPPPPHHPPP
305,PPPPPPPPPPPPPPPPPPPHPPPPPPPPPPPPPPH
306,PPPPPPPPPPPPPPPPPPPPPPPPHPPPPHPPPPP
307,PPPPPPPPPPPPPPPPPPPHPPPPHPPPPPPPPPP
308,PPPPPPPPPPPPPPPPHPPPHPPPPPPPPPPPPPP
309,PPPHPPPPPPPPPPPPPPPPPHPPPPPPPPPPPPP
310,PPPPPPPPPPPPPPPPPPPPPPPPHPHPPPPPPPP
311,PPPHPPPPPPPPPPPPPPHPPPPPPPPPPPPPPPP
312,PPPPPPPPPHPPPPPPPPPPPPPPPHPPPPPPPPP
313,PPPHPPPPPPPPPPPPPHPPPPPPPPPPPPPPPPP
314,PPPPPPPPPPPPPHPPPPPPPPPPPPPPPPHPPPP
315,PPPPPPPPPPPPPHPPPPPPPPHPPPPPPPPPPPP
316,PPPPPPPPPPPPHPPPPPPHPPPPPPPPPPPPPPP
317,PPPPPHPPPPPPPPPPPPPPPPPPPPPPPPPPPHP
318,PPPPPPPPPPPPPHPPPPPPPPPPPPHPPPPPPPP
319,PPPPPPPPPPPPPPPPPPPPPPPHPPPHPPPPPPP
320,PPPPPPPPPPPPPPPHPPPPPPPPPPHPPPPPPPP
321,PPPPPPPHPPPPPPPPPPPPPPPPPPHPPPPPPPP
322,PPPPPPPPPPPPPPPPPPPPPPHPPPPPPPPPHPP
323,PPHPPPPPPPPPPPPPPPPPPPPPPPPPPPPPHPP
324,PPPPHPPPPPPPPPPPPPPPPPPPPPPPPHPPPPP
325,PPPPPPPPHPPPPPPPPPPPPPHPPPPPPPPPPPP
326,PPPPPPPPPPPPPHPPPPPPPPPPPPPPPPPPPHP
327,PPHPPPPPPPPPPPPPPPPPPPPPPHPPPPPPPPP
328,PPHPPPPPPPHPPPPPPPPPPPPPPPPPPPPPPPP
329,PPPPPPPPPPPPPPPPPPPPPPPPPPPPHHPPPPP
330,PPPPPPPPPPPPPPHPPPPPPPPPPPPPPPPHPPP
331,PPHPPPPPPPPPPPPPPPPPPPPPPPPPPPPPPPH
332,PPPPPPPPPPPPPPPHPPHPPPPPPPPPPPPPPPP
333,PPPPPPPPPPPPPHPPHPPPPPPPPPPPPPPPPPP
334,PPPPPPHPPPPPPPPPPPHPPPPPPPPPPPPPPPP
335,PPPPPPPPPPPPPPPPPPPPPPPPPHPPPPPPHPP
336,PPPPPPPPPHPPPPPPPPPPPPPPPPPPPPPPPHP
337,PPPPPPPPPPPPPPPPHPPPPPPPPPPPPPPHPPP
338,PPPHPPPPPPPPPPHPPPPPPPPPPPPPPPPPPPP
339,PPPPPPPPPPPPHPPPPPPPPPPHPPPPPPPPPPP
340,PPPPPPPPPPHPPPPPPPPPPPPPPPPHPPPPPPP
341,PPPPPPPPPPPPPPPPPPPPHPPPPPPPPPPHPPP
342,PPPPPPPHPPPPPPPPPPPPPHPPPPPPPPPPPPP
343,PPPPPPPPHPPPPPPPPHPPPPPPPPPPPPPPPPP
344,PPPPPPPPPHPPPHPPPPPPPPPPPPPPPPPPPPP
345,HPPPPPPPPPPPPPPPPPPPPPPPHPPPPPPPPPP
346,HPPPPPPPPPPPPPPPPPHPPPPPPPPPPPPPPPP
347,PPPPHPPPPPPPPPPPPPPPPPPPHPPPPPPPPPP
348,PPPPPPPPPPPPHPPPPPPPPPPPPPHPPPPPPPP
349,PPPPPPPPPHPPPPPPPPHPPPPPPPPPPPPPPPP
350,PPPPPPPPPPPPPPPPPPPPPPPPPPHPHPPPPPP
351,PPPPPPPPPPHPPPPPPPPPPPPPPHPPPPPPPPP
352,PPPPPPPPPPPPPPPPPHPPPPPPPPPPPHPPPPP
353,PPPPPPPPPPPHPPPPPPPPPPPPPPPPPPPHPPP
354,PPPPPHPPPPPPPPPPPPPPPHPPPPPPPPPPPPP
355,PPPPPPPPPPHHPPPPPPPPPPPPPPPPPPPPPPP
356,PPPPPPPPPPHPPPPPPPPPPPPPPPPPPPPPPPH
357,PPPPPPPHPPPPPPPPPPPPPPPPHPPPPPPPPPP
358,PPHPPPPPPPPPPPHPPPPPPPPPPPPPPPPPPPP
359,PPPPPPPPPPPPPPPPPPPPPPPPPPHPPPHPPPP
360,PPPPPHPPPPPPPPPPPPPPPPPPPPPPHPPPPPP
361,PPPPPPPPPPPHPPPPPPPPPPPPPPPHPPPPPPP
362,HPPPPPPPPPPPPPPPPPPPHPPPPPPPPPPPPPP
363,PPPPPPPHPHPPPPPPPPPPPPPPPPPPPPPPPPP
364,PPPPPPPPPPPHPPPPPPPPPPPPPPPPHPPPPPP
365,PPPPPPPPPPPPPPPPPPPPPPPPPPHPPPPPHPP
366,PPHPPPPPPPPHPPPPPPPPPPPPPPPPPPPPPPP
367,PPPPPPPPPPPPPPPHPPPPHPPPPPPPPPPPPPP
368,PPPPPPPPPHPPPPPPPPPPPPHPPPPPPPPPPPP
369,PPPPPPPPPPPPPHPPPPHPPPPPPPPPPPPPPPP
370,PPPPPPPPPPPPPPPPPPPHPPPPPPPPPPPPPHP
371,PPPPPPPPHPPPPPPHPPPPPPPPPPPPPPPPPPP
372,PPPPPPPPPPPPPPPHPPPPPPPPPPPPPPHPPPP
373,PPPPPPPPPPPPPPHPPPPPPPHPPPPPPPPPPPP
374,PPPPPPPPHPPPPPPPPPPPPPPPPPPHPPPPPPP
375,PPPPPPPPHPPPPPPPPPPHPPPPPPPPPPPPPPP
376,PPPPPPPPPPPPPPHPPPPPHPPPPPPPPPPPPPP
377,PPPPPPPPPPPPPPPHPPPPPPPPPPPHPPPPPPP
378,PPPPPPPPPPPPPPPPPPPPPPPPPPPPHPPPPHP
379,PPPPPPPPPPPPPPPPHHPPPPPPPPPPPPPPPPP
380,PPPPPPPPPPPPPPPHPPPPPPPPPHPPPPPPPPP
381,PPPPPPPPPHPPPPPPPPPPPPPPPPHPPPPPPPP
382,PPPPHPPPHPPPPPPPPPPPPPPPPPPPPPPPPPP
383,PPPPHPPPPPPPPPPPHPPPPPPPPPPPPPPPPPP
384,PPPPPPPPPPPPPHHPPPPPPPPPPPPPPPPPPPP
385,PPPPPPPPPPPPPPPPPPPPPPPPHPPPPPPPHPP
386,PPPPPPPPPPPPPPPPPHPPPPPPPHPPPPPPPPP
387,PPPPHPPPPPPPPPPPPPHPPPPPPPPPPPPPPPP
388,PPHPPPPPPPPPHPPPPPPPPPPPPPPPPPPPPPP
389,PPPPPPPPPPPHPPPPPHPPPPPPPPPPPPPPPPP
390,PPPHPPPPPPPPPPPPPPPPPPPPHPPPPPPPPPP
391,PPPPPPPPPPPHPPPPPPPPPPPHPPPPPPPPPPP
392,PPPPPPPPPPPPPPPHPPPPPPHPPPPPPPPPPPP
393,PHPPHPPPPPPPPPPPPPPPPPPPPPPPPPPPPPP
394,HPPPHPPPPPPPPPPPPPPPPPPPPPPPPPPPPPP
395,PPPPPPPPPPPPPPPPPHPPPPPPPPPPPPPPPHP
396,PPPPPPPPPPPPPPHPPPPPPPPPPPPHPPPPPPP
397,PPPPPPPPPPPPPPPPPPPPPPPPPHPPHPPPPPP
398,PPPPPPPPPPPPPHPHPPPPPPPPPPPPPPPPPPP
399,PPPHPPPPPPPHPPPPPPPPPPPPPPPPPPPPPPP
400,PPPPPPPHPPPHPPPPPPPPPPPPPPPPPPPPPPP
401,PPPPHPPPPPPPPPPPPHPPPPPPPPPPPPPPPPP
402,PPPPPPPPPPPPPPPHPPPPPPPPPPPPPPPPHPP
403,PPPHPPPPPPPPPPPPPPPPPPPPPPHPPPPPPPP
404,PPPPPPPPPPPPPPPPPPHPPPPPPPPPPPPPHPP
405,PPPPHPPPPPPPPPPPPPPPPPPPPPPPPPPPPHP
406,PPPPPHPPPPPPPPPPPPPPPPPPPPPHPPPPPPP
407,PPPPPPPPPPPPPPHPPHPPPPPPPPPPPPPPPPP
408,PPPPPPPPPHPPPPPPPPPPPPPPPPPPHPPPPPP
409,PPPHPPPHPPPPPPPPPPPPPPPPPPPPPPPPPPP
410,PPPPPHPPPPPPHPPPPPPPPPPPPPPPPPPPPPP
411,PPPPPPPPHPPPPPPPPPPPPPPPPHPPPPPPPPP
412,PPPPPPPPPPPPPHPPPPPPPPPPPPPPPPPPHPP
413,PPPPPPPPPPPPPPPPPPPPPPPPHPPPHPPPPPP
414,PPPHPPPPPPPPPPPPPPPPPPPHPPPPPPPPPPP
415,PPPPPPHPPPPPPPPPPPPPPPPPPPPPPPPPPHP
416,PPPPPPPPPPHPPPPPPPHPPPPPPPPPPPPPPPP
417,PPPPPPPPPPPPPPHPPPPPPPPPHPPPPPPPPPP
418,PPPPPPPPPPPPPPPPPPHPPPPPPPPPPHPPPPP
419,PPPPPPPPPPPPPPPPPPPPPHPPPPHPPPPPPPP
420,PPPPPPPPPPPPPPPPPPPPPPHPPPPHPPPPPPP
421,PPPPPPPPPPPPPPPPPPPPPPPHPPPPPHPPPPP
422,PPPPPPPPPPPPHPHPPPPPPPPPPPPPPPPPPPP
423,PPPPPPPPPPPPPPPPPPPPHHPPPPPPPPPPPPP
424,PPPPPPPPPPPPPPPPPPPPPPPHPPPPHPPPPPP
425,PPPPPPPPPHPPPPPPPPPPPPPPPPPPPPPPHPP
426,PPPPPPPPPPPPPPPPPPPPPPPPPPPPPHPHPPP
427,PPPPPPPPPPPPPPHPPPPPPPPPPPHPPPPPPPP
428,PPPPPPPPPPPPPHPPPPPPHPPPPPPPPPPPPPP
429,PPHPHPPPPPPPPPPPPPPPPPPPPPPPPPPPPPP
430,PPPPPPPPPPPPPPPPPPHPPPPPPPPPPPPHPPP
431,PPPPPPPPPPPPPPPPPPPPPPPPPPPPPPPPPHH
432,PPPPPPPPPPPPPPPHPPPPPPPPPPPPPPPHPPP
433,PPPPPPPPPPPPPPPPPPPPPPHPPPPPPPPHPPP
434,PPPPPPPPPPPPPPPPPPPPHPPPHPPPPPPPPPP
435,PPPPPPPHPPPPPPPPPPPPPPPPPPPPPPPPHPP
436,PPPPPPPHPPPPPPPPPPPPPPPPPPPPPPHPPPP
437,PPPPPPPHPPPPPPHPPPPPPPPPPPPPPPPPPPP
438,HPPPPPPPPPPPPPHPPPPPPPPPPPPPPPPPPPP
439,PHPPPPPPPPPPPPPPPPPPPPPPPPPPPHPPPPP
440,PHPPPPPPPPPHPPPPPPPPPPPPPPPPPPPPPPP
441,PPPPPPPPPPHPPPPPHPPPPPPPPPPPPPPPPPP
442,PPPPPPPPPPPPPHPPPPPPPPPPPPPPPHPPPPP
443,PPPHPPPPPPPPPPPPPPPHPPPPPPPPPPPPPPP
444,PPPPPPPPPPPHPPPPPPPPPPPPPHPPPPPPPPP
445,PPPPPPPPPPPPPPPPHPPPPPPPPPPPHPPPPPP
446,PPPPPPPHPPPPPPPPPPPPPPHPPPPPPPPPPPP
447,PPPPPPPPPPPPPPPPPPPPPPHPPPPPPPPPPPH
448,PPPPPPPPPPHPPPPPPPPPPPPHPPPPPPPPPPP
449,PPPPPPPPHPPPPPPPPPPPPPPPPPPPPPPHPPP
450,PPPPPPPPPPPPPPHHPPPPPPPPPPPPPPPPPPP
451,PPPPPPPPPPHPPPPPPPPPPPPPPPPPPPPPPHP
452,PPPPPHPPPHPPPPPPPPPPPPPPPPPPPPPPPPP
453,PPPPPPPPPPPPPPPPPPPHPPPPPPPPPPPHPPP
454,PPPPPPPPPHPPHPPPPPPPPPPPPPPPPPPPPPP
455,PHHPPPPPPPPPPPPPPPPPPPPPPPPPPPPPPPP
456,PPPPPPPPPPPPPPPPPPPPPPPPHPPPPPPHPPP
457,PPPPPPHPPPPPPPPPPPPPPPPPPPHPPPPPPPP
458,PPHPPPPPPPPPPPPPPPPPPPPPPPPPPPHPPPP
459,PPPPPPPPPPPPPPHPPPPPPPPPPPPPHPPPPPP
460,PPPHPPPPPPPPPPPPPPPPPPPPPPPPPPPPPHP
461,PPPPPPPPPPPPPPPPPPPPPPHPPPPPPPPPPHP
462,PPPPPPPPPPPPPHPPPPPPPHPPPPPPPPPPPPP
463,PPPPPPPPPPPPHPPPPPPPPPPPPPPPPPPPHPP
464,PPPPHPPPPPPPPPHPPPPPPPPPPPPPPPPPPPP
465,PPPPPHHPPPPPPPPPPPPPPPPPPPPPPPPPPPP
466,PPPHPPPPPPPPPPPPPPPPPPPPPHPPPPPPPPP
467,PPPPPPPPPPPHPPPPPPHPPPPPPPPPPPPPPPP
468,PPPPPPPPPPHPPPPPPPPPPPPPPPPPPPHPPPP
469,HPPPPPPPPPPPPPPPPPPHPPPPPPPPPPPPPPP
470,PPPPPPPPHPPPPPPPPPHPPPPPPPPPPPPPPPP
471,PPPPPPPPPPPHPPPPPPPHPPPPPPPPPPPPPPP
472,HPPPPPPPPPHPPPPPPPPPPPPPPPPPPPPPPPP
473,PPPPPPPHPPPPHPPPPPPPPPPPPPPPPPPPPPP
474,PPPPPPPPPPPPPPPPHPHPPPPPPPPPPPPPPPP
475,PHPPPPPPPHPPPPPPPPPPPPPPPPPPPPPPPPP
476,PPPHPPPPPPPPPPPPPPPPHPPPPPPPPPPPPPP
477,PPPPPPPPPPPPPPPPPPPPPHPPPPPHPPPPPPP
478,PPPPPPHPPPPPPPPPPPPPPPPPPHPPPPPPPPP
479,PPPPPPPPHPPPHPPPPPPPPPPPPPPPPPPPPPP
480,PPPPPHPPPPPPPPPPPPPPPPPPPPPPPHPPPPP
481,PPPHPPPPPPPPHPPPPPPPPPPPPPPPPPPPPPP
482,PPPPPPPPPPPPPPPPHPPPPPPPPPPPPPPPHPP
483,PPPPPPPPPPHPPPPPPPPHPPPPPPPPPPPPPPP
484,PPPPPPPPPPPPPPPPPPPPPPPPPPPPHPPPPPH
485,PPPPPPPPPPPPPPPPPPPPPPPPPPPHHPPPPPP
486,PPPPPPPPPPPPPPPPHPPHPPPPPPPPPPPPPPP
487,PPPPPPPHPPPPPPPHPPPPPPPPPPPPPPPPPPP
488,PPPPPPPPPPPPPPPPPPPPHPPHPPPPPPPPPPP
489,PPPPPPPPPPPPPPPPPPPPPPHPPPPPPPHPPPP
490,PPPPPPHPHPPPPPPPPPPPPPPPPPPPPPPPPPP
491,PPPPPPHPPPPPPPPPPPPPPPPPHPPPPPPPPPP
492,PPPPPPPPPPPPPPPPPPPPPPPPPPPPHPHPPPP
493,PPPPHPPPPPPPPPPPPPPPPPPPPPPHPPPPPPP
494,HPPPPPPPPPPPPPPHPPPPPPPPPPPPPPPPPPP
495,HPPPPPPPPPPPPPPPPHPPPPPPPPPPPPPPPPP
496,PPPPPHPPPPPPPPPPPPHPPPPPPPPPPPPPPPP
497,PPPPPPPPPPPPPPPPPPPHPPPPPHPPPPPPPPP
498,PPPHPPPPPPPPPPPPPPPPPPPPPPPPHPPPPPP
499,PPPPPPPPPPPPPPPPPPPHPPPPPPPPPPPPHPP
500,PPHPPPPPPPPPPHPPPPPPPPPPPPPPPPPPPPP
501,PPPPPPPPPHPPPPPPPPPPPPPPPPPPPPPHPPP
502,PPPPPPPPPPPPPPPPPPPPPHPPPPPPPPPPPHP
503,PPPPPPPPPHPPPPPPPPPPPPPPPPPPPPHPPPP
504,PPPPPHPPPPPPPPPPPPPPPPPHPPPPPPPPPPP
505,PPPPPPPPPPPPPPPPPPPPPPPPPPHPPPPPPPH
506,PPPPPPPPPPPPPPPPPPPPPHPHPPPPPPPPPPP
507,PPPPPHPPPPPPPPHPPPPPPPPPPPPPPPPPPPP
508,PPHPPPPHPPPPPPPPPPPPPPPPPPPPPPPPPPP
509,PPPPPPPPPPPHPPPPPPPPPPHPPPPPPPPPPPP
510,PPPPHPPPPPHPPPPPPPPPPPPPPPPPPPPPPPP
511,PPPPPHPPPPPPPPPHPPPPPPPPPPPPPPPPPPP
512,PPPPPPPPPPPPPPPPPPPPPPPPPPPPPPPPHHP
513,PHPPPPPPPPPPPPPPPPHPPPPPPPPPPPPPPPP
514,PPPHPPPPPPPPPPPPPPPPPPPPPPPPPPPPHPP
515,PPHPPPPPPPPPPPPPPPHPPPPPPPPPPPPPPPP
516,PPPPPHPPPPPPPPPPPPPPPPPPPPPPPPHPPPP
517,PPPPPPPPHHPPPPPPPPPPPPPPPPPPPPPPPPP
518,PHPPPPPPPPPPPPPPPPPHPPPPPPPPPPPPPPP
519,PPHPPPPPPPPPPPPPPPPPHPPPPPPPPPPPPPP
520,PPPPHPHPPPPPPPPPPPPPPPPPPPPPPPPPPPP
521,HPPPPPPPPPPPPPPPPPPPPPPHPPPPPPPPPPP
522,PPHPPPPPPPPPPPPPPPPPPPPPPPPPPPPPPHP
523,PPPPPPPHPPPPPPPPPPPPHPPPPPPPPPPPPPP
524,PPPPPPPPPPPPPPPPHPPPPPPHPPPPPPPPPPP
525,PPPPPPHPPPPPPPPPPPPPPPPPPPPPPPPPHPP
526,PPPPPPPPPPPPPPPPPHPPPPPPPPHPPPPPPPP
527,PPPPPPPPPPPPPPPPPPPPPHPPHPPPPPPPPPP
528,PPPPPPPPPPPPPPPPPPPHPPPPPPPHPPPPPPP
529,PPPPPPPHPPPPPPPPPPPHPPPPPPPPPPPPPPP
530,PPPPPPPPPPPHPPPPPPPPPPPPPPPPPHPPPPP
531,PPPPHPPPPPPPPPPPPPPPPPPPPPPPPPPHPPP
532,PPPPPPPPPPHPPPPPPPPPPPHPPPPPPPPPPPP
533,PPPPPPPPPPHPPPPPPPPPPPPPHPPPPPPPPPP
534,PPPPPPPPPHPPPPPPPPPPPHPPPPPPPPPPPPP
535,PPPPPHPPPPPHPPPPPPPPPPPPPPPPPPPPPPP
536,HPPPPPPPPPPPPHPPPPPPPPPPPPPPPPPPPPP
537,PPPPPPPPHPPHPPPPPPPPPPPPPPPPPPPPPPP
538,PPPPPHPPPPPPPPPPPPPPPPPPPPPPPPPHPPP
539,PPPPPPPPPPPPHPPPPPPPPPPPPHPPPPPPPPP
540,HPPPPPPPPPPPPPPPHPPPPPPPPPPPPPPPPPP
541,PPPPHPPPPPPPPPPPPPPPPPPPPPPPPPHPPPP
542,PHPPPPPPPPPPPPPPPPPPPPHPPPPPPPPPPPP
543,PPPPPPPPPPPPPPPPPPPPPPPPPPHPPHPPPPP
544,PPPPPPHPPPPPPPPPPPPPPHPPPPPPPPPPPPP
545,PPPPPPHPPPPPPPPHPPPPPPPPPPPPPPPPPPP
546,PPPPPPPPPPPHPPPPHPPPPPPPPPPPPPPPPPP
547,PPPPPPPPPPPPPPPPPPHPPPPPPPPPPPHPPPP
548,PPPPPPPHPPPPPPPPPPHPPPPPPPPPPPPPPPP
549,HPPPPHPPPPPPPPPPPPPPPPPPPPPPPPPPPPP
550,PPPPPPPPPHPPPPPPPPPPHPPPPPPPPPPPPPP
551,PPHHPPPPPPPPPPPPPPPPPPPPPPPPPPPPPPP
552,PPPPPPPPHPPPPPPPPPPPPPPPPPPPPPPPPHP
553,PPPPPPPPPPPPPPPPPPPPPPPPPPPPHPPHPPP
554,PPPPPPPHPPHPPPPPPPPPPPPPPPPPPPPPPPP
555,PPPPHPPPPPPPPPPPPPPPPPPPPPPPPPPPPPH
556,PPPPPPPPPPPPPPPPPPPPPHPPPPPPPPPPPPH
557,PPPPPPPPPPPPPPPPPPPHPPHPPPPPPPPPPPP
558,PPHPPPPPPPPPPPPPPPPPPPPPHPPPPPPPPPP
559,HPPPPPPPPPPPPPPPPPPPPHPPPPPPPPPPPPP
560,PPPPHPPPPPPPPPPPPPPPPPPPPHPPPPPPPPP
561,HPPPPPPPPPPPPPPPPPPPPPPPPPPPHPPPPPP
562,PPPPPPPPPPPPPPPHPPPPPPPPPPPPPHPPPPP
563,PHPPPPPPPPPPPPPPPHPPPPPPPPPPPPPPPPP
564,PPPPPPPPPPHPPPPPPPPPPPPPPPPPPHPPPPP
565,PPPPPPPPPPPHPPHPPPPPPPPPPPPPPPPPPPP
566,PPPPPPHPPPPPPPPPPPPPPPPPPPPPPPPPPPH
567,PHPPPPHPPPPPPPPPPPPPPPPPPPPPPPPPPPP
568,PPHPPPPPPPPPPPPPPPPPPHPPPPPPPPPPPPP
569,PPPPPHPPPPPPPPPPPPPPPPPPPPHPPPPPPPP
570,PPPPPPPPPPPPPPPPPPPPPPHPHPPPPPPPPPP
571,PPPPPPPPPPHPPPPPPPPPPPPPPPHPPPPPPPP
572,PPPHPPPPPPHPPPPPPPPPPPPPPPPPPPPPPPP
573,PPPPPPPPPPHPPPPPPPPPHPPPPPPPPPPPPPP
574,PHPPPPPPPPPPPPHPPPPPPPPPPPPPPPPPPPP
575,PPPPPPPPPPPPPPPPPPPPPPPPPHPHPPPPPPP
576,PPPPPPPPPPPPPPPPPPPPPPPHPPPPPPPHPPP
577,HPPPPPPPPPPPPPPPPPPPPPHPPPPPPPPPPPP
578,PPPHPPPPPPPPPPPPPPPPPPPPPPPHPPPPPPP
579,PPPPPPPPPPPPPPPPHPPPPPPPPPPPPPHPPPP
580,PPPPPPPPPPPPPPPPPPHPPPPPHPPPPPPPPPP
581,PPPPPPPPPPPPPPPPPPPPPPPPPPHPPPPHPPP
582,PPHPPPPPPPPPPPPPPPPPPPPPPPHPPPPPPPP
583,PPPPPPPHPPPPPPPPPPPPPPPPPPPPHPPPPPP
584,PHPPPHPPPPPPPPPPPPPPPPPPPPPPPPPPPPP
585,PPPPPHPPPPPPPPPPPPPPPPPPPPPPPPPPHPP
586,PPPPPPPPPPPPPPPPPPPPHPPPPPPPPHPPPPP
587,PPHPPPPPPPPPPPPPPPPPPPPHPPPPPPPPPPP
588,HPPHPPPPPPPPPPPPPPPPPPPPPPPPPPPPPPP
589,PPPPPPPPPPHPPPPPPPPPPPPPPPPPHPPPPPP
590,HPPPPPPPPPPPPPPPPPPPPPPPPPPPPPPPPHP
591,PPPPPPPPPPHPPPPPPPPPPHPPPPPPPPPPPPP
592,PPPPPHPPPPPPPPPPPHPPPPPPPPPPPPPPPPP
593,PPPPPPPHPPPPPPPPPPPPPPPPPPPPPHPPPPP
594,HHPPPPPPPPPPPPPPPPPPPPPPPPPPPPPPPPP
