jobid,wall_time_s,dc_power_w,energy_kwh
11500281,0.044,157.182,0.000002
11500281,0.041,160.882,0.000002
11500281,0.043,160.930,0.000002
11500281,0.043,157.422,0.000002
11500281,0.042,160.333,0.000002
11500281,0.047,161.195,0.000002
11500281,0.057,166.333,0.000003
11500281,0.063,174.542,0.000003
11500281,0.056,167.289,0.000003
11500281,0.168,178.334,0.000008
11500281,0.060,166.053,0.000003
13962659,0.056,146.661,0.000002
13962659,0.051,161.039,0.000002
13962659,0.183,178.305,0.000009
13962659,0.049,157.531,0.000002
13962659,0.050,161.000,0.000002
13962659,0.054,162.130,0.000002
13962659,0.060,167.633,0.000003
13962659,0.068,172.777,0.000003
13962659,0.059,163.729,0.000003
13962659,0.057,163.947,0.000003
13962659,0.050,160.060,0.000002
13962903,0.057,166.614,0.000003
13962903,0.060,151.050,0.000003
13962903,0.112,176.116,0.000005
13962903,0.128,174.119,0.000006
13962903,0.055,162.291,0.000002
13962903,0.056,165.057,0.000003
13962903,0.060,170.617,0.000003
13962903,0.071,172.549,0.000003
13962903,0.064,165.000,0.000003
13962903,0.055,170.055,0.000003
13962903,0.054,161.318,0.000002
13963220,0.044,168.636,0.000002
13963220,0.047,160.106,0.000002
13963220,0.043,161.349,0.000002
13963220,0.044,156.886,0.000002
13963220,0.046,154.804,0.000002
13963220,0.046,157.084,0.000002
13963220,0.043,156.256,0.000002
13963220,0.056,160.750,0.000003
13963220,0.049,142.122,0.000002
13963220,0.046,159.214,0.000002
13963220,0.090,167.656,0.000004
13963283,0.042,160.333,0.000002
13963283,0.044,157.636,0.000002
13963283,0.045,164.307,0.000002
13963283,0.052,163.154,0.000002
13963283,0.042,161.024,0.000002
13963283,0.045,155.219,0.000002
13963283,0.048,162.417,0.000002
13963283,0.067,134.313,0.000002
13963283,0.046,164.975,0.000002
13963283,0.046,166.587,0.000002
13963283,0.050,164.620,0.000002
13963932,0.042,152.214,0.000002
13963932,0.041,156.098,0.000002
13963932,0.139,175.597,0.000007
13963932,0.045,153.267,0.000002
13963932,0.041,155.902,0.000002
13963932,0.042,156.762,0.000002
13963932,0.041,161.146,0.000002
13963932,0.046,143.304,0.000002
13963932,0.042,152.690,0.000002
13963932,0.042,156.306,0.000002
13963932,0.043,150.488,0.000002
13964094,0.044,152.886,0.000002
13964094,0.243,171.287,0.000012
13964094,0.180,177.978,0.000009
13964094,0.043,149.605,0.000002
13964094,0.043,149.465,0.000002
13964094,0.068,168.721,0.000003
13964094,0.055,165.927,0.000003
13964094,0.057,166.175,0.000003
13964094,0.057,166.053,0.000003
13964094,0.095,170.926,0.000005
13964094,0.048,159.646,0.000002
13964173,0.043,160.465,0.000002
13964173,0.044,151.023,0.000002
13964173,0.047,145.234,0.000002
13964173,0.058,163.190,0.000003
13964173,0.043,158.136,0.000002
13964173,0.055,163.582,0.000002
13964173,0.042,156.095,0.000002
13964173,0.059,159.218,0.000003
13964173,0.056,127.696,0.000002
13964173,0.042,152.452,0.000002
13964173,0.056,164.607,0.000003
11500497,0.044,158.481,0.000002
11500497,0.045,153.115,0.000002
11500497,4.538,191.496,0.000241
11500497,5.033,175.642,0.000246
11500497,2.816,211.650,0.000166
11500497,0.976,204.902,0.000056
11500497,0.246,195.185,0.000013
11500497,0.169,200.049,0.000009
11500497,0.043,156.651,0.000002
11500497,0.259,202.260,0.000015
11500497,1.042,210.827,0.000061
11500497,2.036,144.893,0.000082
11500497,3.486,171.545,0.000166
11500497,3.505,257.349,0.000251
11500497,4.049,224.008,0.000252
11500497,4.523,201.638,0.000253
11500501,0.310,236.551,0.000020
11500501,0.199,249.778,0.000014
11500501,51.617,473.833,0.006794
11500501,46.670,455.387,0.005904
11500501,40.821,431.422,0.004892
11500501,33.001,455.813,0.004178
11500501,29.414,409.271,0.003344
11500501,33.250,434.143,0.004010
11500501,27.884,366.455,0.002838
11500501,31.306,440.147,0.003828
11500501,9.619,386.838,0.001034
11500501,7.675,365.993,0.000780
11500501,0.879,232.111,0.000057
11500501,6.388,254.852,0.000452
11500501,71.374,483.289,0.009582
11500501,89.902,482.254,0.012043
11500501,69.649,487.740,0.009436
11500501,50.701,483.456,0.006809
11500501,110.851,492.899,0.015177
11500501,68.268,480.611,0.009114
11500501,74.975,477.340,0.009941
11501290,2.465,240.567,0.000165
11501290,0.454,229.321,0.000029
11501290,3785.293,494.963,0.520439
11501290,3227.321,497.395,0.445904
11501290,2451.738,493.552,0.336128
11501290,2662.603,498.974,0.369047
11501290,2026.462,496.532,0.279501
11501290,992.063,486.201,0.133984
11501290,932.145,489.064,0.126633
11501290,1083.512,493.642,0.148574
11501290,887.088,486.345,0.119842
11501290,746.430,479.638,0.099449
11501290,0.372,289.960,0.000030
11501290,792.928,481.601,0.106076
11501290,856.253,478.291,0.113761
11501290,852.140,472.138,0.111758
11501290,434.793,474.915,0.057358
11501290,180.411,501.789,0.025147
11501290,124.314,455.119,0.015716
11501290,3749.354,515.461,0.536846
11501290,3656.872,505.345,0.513328
11501290,6532.427,503.515,0.913660
11501290,7663.282,504.627,1.074194
11501290,6027.306,500.702,0.838301
11501290,4678.223,493.826,0.641730
11501290,3172.329,490.963,0.432638
11501358,1.871,166.757,0.000087
11501358,0.341,222.553,0.000021
11501358,321336.048,87.470,7.807573
11735359,2.417,126.190,0.000085
11735359,1.905,167.979,0.000089
11735359,321150.538,508.031,45.320675
13964739,3.246,171.905,0.000155
13964739,3.119,192.370,0.000167
13965023,0.184,278.366,0.000014
13965023,2.424,294.143,0.000198
13968113,3.101,289.265,0.000249
13968113,3.169,195.964,0.000173
13968113,321566.411,496.132,44.316496
14081023,0.589,205.665,0.000034
14081023,2.391,134.254,0.000089
14081023,1.222,199.989,0.000068
14081023,173969.582,498.199,24.075409
14081023,156772.216,490.142,21.344624
14236797,174922.725,489.866,23.802415
14236800,99011.918,500.088,13.754076
14236801,116806.314,489.201,15.872713
14236817,169576.146,490.838,23.120671
14236824,120812.174,494.855,16.606808
14236825,45952.887,486.604,6.211350
14236826,37932.285,486.386,5.124926
14236827,32981.905,485.834,4.451036
14236828,24355.899,481.918,3.260429
14236838,19832.402,477.043,2.628030
14236841,16301.849,488.634,2.212677
14236846,22056.591,495.845,3.037958
14236849,19018.514,486.856,2.572022
14236850,19820.970,486.699,2.679680
14236851,22317.193,475.023,2.944772
14236852,14163.657,471.108,1.853503
14236854,5024.788,494.104,0.689658
14236855,3723.335,498.568,0.515649
14322884,5.305,236.005,0.000348
14322897,294858.756,496.131,40.635714
14322921,4951.650,489.155,0.672812
17582750,0.272,247.152,0.000019
17582750,0.259,231.287,0.000017
17582750,2.400,144.584,0.000096
17582750,0.264,235.758,0.000017
17582750,0.731,227.292,0.000046
17582750,2.504,138.179,0.000096
17582750,0.296,263.156,0.000022
17582750,2.391,153.075,0.000102
17582750,0.182,300.227,0.000015
17582750,0.174,322.540,0.000016
17582750,0.290,252.153,0.000020
17582750,0.178,310.917,0.000015
17582750,0.239,273.792,0.000018
17582750,2.411,139.362,0.000093
17582750,0.346,262.284,0.000025
17582750,0.175,319.874,0.000016
17582750,2.339,303.550,0.000197
17582750,0.177,317.420,0.000016
17582750,0.179,322.486,0.000016
17582750,2.413,281.808,0.000189
17582750,0.182,307.414,0.000016
17582750,2.153,322.342,0.000193
17582750,1.328,231.714,0.000085
17583260,0.184,240.467,0.000012
17583260,0.183,230.466,0.000012
17583260,0.189,264.328,0.000014
17583260,0.182,312.535,0.000016
17583260,0.179,296.605,0.000015
17583260,1.281,226.171,0.000080
17583260,2.387,137.411,0.000091
17583260,2.436,140.394,0.000095
17583260,2.440,264.755,0.000179
17583260,0.177,324.171,0.000016
17583260,0.177,301.056,0.000015
17583260,1.648,204.491,0.000094
17583260,0.177,326.441,0.000016
17583260,0.183,301.016,0.000015
17583260,0.293,267.352,0.000022
17583260,0.391,248.492,0.000027
17583260,2.427,139.679,0.000094
17583260,2.490,144.980,0.000100
17583260,0.536,241.329,0.000036
17583260,0.180,324.806,0.000016
17583260,0.699,237.783,0.000046
17583260,0.359,252.173,0.000025
17583260,2.363,143.039,0.000094
17583260,431476.063,491.257,58.879343
17583260,2.275,161.319,0.000102
17845017,0.192,289.361,0.000015
17845017,2.421,149.939,0.000101
17845017,0.625,237.982,0.000041
17845017,0.216,276.298,0.000017
17845017,0.429,248.184,0.000030
17845017,0.183,302.679,0.000015
17845017,2.397,286.193,0.000191
17845017,0.538,244.721,0.000037
17845017,0.784,236.240,0.000051
17845017,2.401,144.524,0.000096
17845017,1.845,184.825,0.000095
17845017,0.175,319.116,0.000016
17845017,2.424,146.453,0.000099
17845017,2.478,137.208,0.000094
17845017,1.515,225.744,0.000095
17845017,2.317,307.296,0.000198
17845017,0.193,307.654,0.000016
17845017,2.393,300.879,0.000200
17845017,0.559,239.905,0.000037
17845017,2.405,150.936,0.000101
17845017,2.438,287.942,0.000195
17845017,2.378,292.264,0.000193
17845017,2.253,161.563,0.000101
17845017,431474.065,505.685,60.608323
17845017,0.298,257.246,0.000021
17975957,2.387,103.892,0.000069
17975957,2.387,157.351,0.000104
17975957,1.661,130.685,0.000060
17975957,2.385,186.403,0.000123
17975957,2.319,196.179,0.000126
17975957,2.319,193.335,0.000125
17975957,2.361,197.150,0.000129
17975957,2.057,228.105,0.000130
17975957,1.043,225.264,0.000065
17975957,2.401,197.569,0.000132
17975957,2.306,202.108,0.000129
17975957,431478.576,299.679,35.918074
17975957,11.505,269.584,0.000862
18029993,2.379,118.309,0.000078
18029993,2.001,91.753,0.000051
18029993,2.373,176.256,0.000116
18029993,2.464,177.297,0.000121
18029993,2.449,184.211,0.000125
18029993,2.375,196.140,0.000129
18029993,2.360,203.630,0.000133
18029993,2.416,200.580,0.000135
18029993,2.419,204.943,0.000138
18029993,2.382,209.270,0.000138
18029993,2.309,213.243,0.000137
18029993,2.351,210.829,0.000138
18029993,2.334,207.627,0.000135
18029993,2.271,214.601,0.000135
11501390,0.217,255.353,0.000015
11501390,2.433,129.060,0.000087
11735360,0.195,273.868,0.000015
11735360,1.090,229.280,0.000069
13964854,1.160,256.897,0.000083
13964854,2.988,208.835,0.000173
13968115,0.905,207.469,0.000052
13968115,0.910,209.098,0.000053
14081029,2.032,152.559,0.000086
14081029,0.173,340.480,0.000016
14236927,149278.050,483.047,20.030087
14236928,113673.805,482.590,15.238289
14322995,341819.558,474.485,45.052292
14322996,383120.053,477.049,50.768622
18149155,2203.927,128.646,0.078757
18150907,2232.975,129.979,0.080622
18161504,431975.358,162.353,19.481249
18368689,431951.799,108.208,12.983511
18527852,431971.734,103.310,12.396389
18849031,153735.930,100.007,4.270741
18528858,1.111,170.499,0.000053
15990399,0.045,161.333,0.000002
15990661,0.110,192.427,0.000006
15991609,29.861,275.654,0.002286
15991796,379.548,468.721,0.049417
15992065,21884.351,476.500,2.896637
17583261,431941.310,453.531,54.416326
17845024,340462.295,481.064,45.495598
18938631,26.564,112.799,0.000832
18938632,61.222,103.061,0.001753
